SA2_CODE_2021,went_to_work_total,car_share,pt_share,SA2_NAME21,stops_count,area_km2,stops_per_km2,region,IRSAD_Score,IRSAD_Decile
201011001,6212,0.9505795235028976,0.0136831938184159,Alfredton,43,52.711,1.0,VIC,1011,6
201011002,3911,0.8087445666070059,0.0225006392227051,Ballarat,115,12.379,9.0,VIC,1040,7
201011005,2305,0.9427331887201736,0.0160520607375271,Buninyong,37,51.585,1.0,VIC,1040,7
201011006,4005,0.9538077403245944,0.013732833957553,Delacombe,39,34.161,1.0,VIC,947,3
201011007,1636,0.9511002444987776,0.0085574572127139,Smythes Creek,5,104.727,0.0,VIC,1005,6
201011008,4927,0.930992490359245,0.0154252080373452,Wendouree - Miners Rest,120,67.574,2.0,VIC,886,1
201011481,3071,0.904591338326278,0.0309345490068381,Ballarat East - Warrenheip,59,19.216,3.0,VIC,940,3
201011482,5166,0.9305071622144792,0.0154858691444057,Ballarat North - Invermay,64,73.142,1.0,VIC,1015,6
201011483,4037,0.9093386177854844,0.0220460738171909,Canadian - Mount Clear,65,22.272,3.0,VIC,963,4
201011484,4129,0.92879631872124,0.0201017195446839,Sebastopol - Redan,67,10.582,6.0,VIC,861,1
201021009,2159,0.9096804075961094,0.0222325150532654,Bacchus Marsh Surrounds,13,1038.811,0.0,VIC,988,5
201021010,2390,0.9142259414225942,0.0112970711297071,Creswick - Clunes,66,856.789,0.0,VIC,955,4
201021011,2530,0.8719367588932806,0.008695652173913,Daylesford,43,920.759,0.0,VIC,1011,6
201021012,2178,0.9026629935720843,0.0215794306703397,Gordon (Vic.),33,850.314,0.0,VIC,1001,6
201031013,944,0.8760593220338984,0.0031779661016949,Avoca,18,1714.24,0.0,VIC,918,2
201031014,1333,0.905476369092273,0.0022505626406601,Beaufort,11,1863.044,0.0,VIC,939,3
201031015,1572,0.9402035623409668,0.0165394402035623,Golden Plains - North,11,922.081,0.0,VIC,955,4
201031016,2294,0.9001743679163035,0.0,Maryborough (Vic.),86,45.538,2.0,VIC,854,1
201031017,1506,0.9236387782204516,0.0086321381142098,Maryborough Surrounds,17,1627.552,0.0,VIC,886,1
202011018,5078,0.8436392280425364,0.0198897203623473,Bendigo,149,16.08,9.0,VIC,918,2
202011019,4438,0.9450202794051374,0.0137449301487156,California Gully - Eaglehawk,81,32.931,2.0,VIC,888,1
202011020,4698,0.9088974031502768,0.0200085142613878,East Bendigo - Kennington,80,17.149,5.0,VIC,986,5
202011021,3325,0.9019548872180452,0.026766917293233,Flora Hill - Spring Gully,67,13.203,5.0,VIC,981,5
202011022,6959,0.9334674522201466,0.022848110360684,Kangaroo Flat - Golden Square,135,40.915,3.0,VIC,921,2
202011023,2172,0.9534990791896868,0.0069060773480662,Maiden Gully,30,42.976,1.0,VIC,1024,7
202011024,3737,0.9585228793149584,0.0069574525020069,Strathfieldsaye,63,56.414,1.0,VIC,1050,8
202011025,5259,0.9490397413957026,0.0148317170564746,White Hills - Ascot,98,67.777,1.0,VIC,961,4
202021026,3046,0.9464871963230466,0.0032829940906106,Bendigo Surrounds - South,8,796.853,0.0,VIC,1025,7
202021027,2781,0.839626033800791,0.0413520316432937,Castlemaine,65,83.929,1.0,VIC,984,5
202021028,2612,0.9000765696784073,0.0218223583460949,Castlemaine Surrounds,34,1514.98,0.0,VIC,992,5
202021029,1393,0.9289303661162958,0.0107681263460157,Heathcote,16,756.818,0.0,VIC,932,3
202021030,3023,0.8878597419781674,0.0261329804829639,Kyneton,46,556.49,0.0,VIC,1019,6
202021031,1977,0.8856853818917552,0.0374304501770359,Woodend,6,211.868,0.0,VIC,1064,8
202031032,1601,0.9169269206745784,0.0018738288569643,Bendigo Surrounds - North,22,1440.217,0.0,VIC,952,4
202031033,2023,0.8264953040039545,0.0034602076124567,Loddon,49,6193.307,0.0,VIC,925,2
203011034,2790,0.942652329749104,0.0118279569892473,Bannockburn,8,192.052,0.0,VIC,1014,6
203011035,2830,0.9254416961130744,0.0141342756183745,Golden Plains - South,7,1484.529,0.0,VIC,1002,6
203011036,2227,0.9083969465648856,0.0116748989672204,Winchelsea,3,903.257,0.0,VIC,1026,7
203021037,5069,0.9043203787729336,0.0366936279345038,Belmont,63,9.368,7.0,VIC,995,5
203021039,4751,0.782993054093875,0.0463060408335087,Geelong,129,12.816,10.0,VIC,1014,6
203021040,7577,0.8923056618714531,0.0356341559984162,Geelong West - Hamlyn Heights,101,32.038,3.0,VIC,1022,7
203021042,7966,0.9293246296761236,0.0279939743911624,Highton,80,40.587,2.0,VIC,1070,8
203021043,7027,0.9255727906645794,0.0402732318201223,Lara,71,588.602,0.0,VIC,994,5
203021044,4707,0.9420012746972594,0.0186955598045464,Leopold,70,27.929,3.0,VIC,983,5
203021045,5052,0.9158749010292954,0.0285035629453681,Newcomb - Moolap,118,43.294,3.0,VIC,891,1
203021046,3389,0.8663322514015934,0.0277367955149011,Newtown (Vic.),51,5.807,9.0,VIC,1081,9
203021047,5133,0.906097798558348,0.0366257549191505,North Geelong - Bell Park,97,21.933,4.0,VIC,956,4
203021485,4018,0.9514683922349428,0.0258835241413638,Charlemont,60,18.117,3.0,VIC,1021,6
203021486,5837,0.9148535206441664,0.0394038033236251,Corio - Lovely Banks,83,74.351,1.0,VIC,849,1
203021487,8855,0.9376623376623376,0.0295878035008469,Grovedale - Mount Duneed,121,37.588,3.0,VIC,1003,6
203021488,2461,0.8955709061357172,0.0564811052417716,Norlane,52,6.462,8.0,VIC,788,1
203031048,5334,0.9454443194600676,0.0202474690663667,Clifton Springs,77,65.149,1.0,VIC,974,5
203031049,1585,0.8586750788643533,0.0100946372239747,Lorne - Anglesea,17,447.991,0.0,VIC,1065,8
203031051,2186,0.9057639524245196,0.0182982616651418,Portarlington,91,71.855,1.0,VIC,972,4
203031052,1175,0.8919148936170213,0.011063829787234,Point Lonsdale - Queenscliff,41,61.673,1.0,VIC,1064,8
203031053,7292,0.9221064179923204,0.0127537026878771,Torquay,95,126.32,1.0,VIC,1092,9
203031489,3705,0.9230769230769232,0.0175438596491228,Barwon Heads - Armstrong Creek,58,88.211,1.0,VIC,1064,8
203031490,5722,0.9302691366655016,0.0103110800419433,Ocean Grove,68,68.769,1.0,VIC,1055,8
204011054,2050,0.8541463414634146,0.0102439024390243,Alexandra,31,2118.967,0.0,VIC,953,4
204011055,1967,0.8647686832740213,0.0,Euroa,12,2057.905,0.0,VIC,951,4
204011056,5263,0.927607828234847,0.0186205586167585,Kilmore - Broadford,45,461.523,0.0,VIC,966,4
204011057,3428,0.837514585764294,0.0087514585764294,Mansfield (Vic.),20,3927.862,0.0,VIC,990,5
204011058,1513,0.8830138797091871,0.014540647719762,Nagambie,8,1294.349,0.0,VIC,959,4
204011059,2127,0.8824635637047484,0.0117536436295251,Seymour,54,79.309,1.0,VIC,884,1
204011060,1781,0.8192026951151039,0.0039303761931499,Seymour Surrounds,29,1688.831,0.0,VIC,1010,6
204011061,58,0.9310344827586208,0.0,Upper Yarra Valley,0,856.261,0.0,VIC,893,2
204011062,1191,0.8849706129303107,0.0067170445004198,Yea,10,1474.299,0.0,VIC,969,4
204021063,3430,0.9090379008746357,0.0075801749271137,Benalla,54,315.305,0.0,VIC,922,2
204021064,1232,0.8993506493506493,0.0024350649350649,Benalla Surrounds,4,2105.323,0.0,VIC,986,5
204021065,1446,0.9128630705394192,0.0020746887966804,Rutherglen,10,479.836,0.0,VIC,954,4
204021066,7160,0.9,0.0048882681564245,Wangaratta,121,57.583,2.0,VIC,935,3
204021067,3532,0.8997734994337486,0.0065118912797281,Wangaratta Surrounds,24,3587.548,0.0,VIC,1000,6
204031068,1517,0.8767303889255109,0.00659195781147,Beechworth,3,371.33,0.0,VIC,1010,6
204031069,2868,0.7538354253835425,0.00976290097629,Bright - Mount Beauty,19,4253.666,0.0,VIC,1011,6
204031070,1190,0.9092436974789916,0.0033613445378151,Chiltern - Indigo Valley,6,513.09,0.0,VIC,969,4
204031071,1682,0.8894173602853745,0.0059453032104637,Myrtleford,6,553.364,0.0,VIC,951,4
204031072,2014,0.8381330685203575,0.0029791459781529,Towong,8,6668.968,0.0,VIC,968,4
204031073,5817,0.9489427539969056,0.0072202166064981,West Wodonga,28,153.88,0.0,VIC,931,3
204031075,1838,0.911860718171926,0.0016322089227421,Yackandandah,7,708.198,0.0,VIC,1032,7
204031491,5413,0.8889709957509699,0.0036948087936449,Baranduda - Leneva,16,248.809,0.0,VIC,1025,7
204031492,5476,0.929145361577794,0.0084002921840759,Wodonga,71,30.313,2.0,VIC,900,2
205011076,6502,0.931405721316518,0.0229160258382036,Drouin,58,326.806,0.0,VIC,953,4
205011077,2115,0.9011820330969268,0.0052009456264775,Mount Baw Baw Region,0,2753.33,0.0,VIC,985,5
205011078,2821,0.91173342786246,0.0116979794399149,Trafalgar (Vic.),12,501.529,0.0,VIC,967,4
205011079,7853,0.9323825289698204,0.0165541831147332,Warragul,93,352.178,0.0,VIC,985,5
205021080,0,,,Alps - East,0,2071.267,0.0,VIC,,
205021081,5141,0.9179148025675938,0.0054464112040459,Bairnsdale,49,155.012,0.0,VIC,920,2
205021082,2878,0.9002779708130646,0.0027797081306462,Bruthen - Omeo,17,7377.411,0.0,VIC,960,4
205021083,0,,,Lake King,0,93.874,0.0,VIC,,
205021084,2923,0.915155661991105,0.0044474854601436,Lakes Entrance,77,214.036,0.0,VIC,923,2
205021085,1780,0.8230337078651685,0.0073033707865168,Orbost,27,11383.659,0.0,VIC,912,2
205021086,1757,0.9140580535002846,0.0056915196357427,Paynesville,3,417.886,0.0,VIC,950,3
205031087,2584,0.8610681114551083,0.001547987616099,Foster,10,1498.846,0.0,VIC,971,4
205031088,21,0.8095238095238095,0.1904761904761904,French Island,0,170.229,0.0,VIC,998,6
205031089,3215,0.9163297045101088,0.0068429237947122,Korumburra,12,600.691,0.0,VIC,966,4
205031090,3643,0.8951413670052155,0.0054899807850672,Leongatha,15,801.009,0.0,VIC,963,4
205031091,3593,0.8906206512663513,0.0044531032563317,Phillip Island,69,100.573,1.0,VIC,971,4
205031092,5,0.0,0.0,Wilsons Promontory,0,481.508,0.0,VIC,-,-
205031093,7654,0.9188659524431668,0.0065325320094068,Wonthaggi - Inverloch,155,728.763,0.0,VIC,950,4
205041094,3796,0.9599578503688092,0.0100105374077976,Churchill,45,796.522,0.0,VIC,942,3
205041095,5068,0.941791633780584,0.0179558011049723,Moe - Newborough,115,105.284,1.0,VIC,861,1
205041096,3715,0.9257065948855988,0.0285329744279946,Morwell,114,85.486,1.0,VIC,820,1
205041098,1720,0.95,0.0040697674418604,Yallourn North - Glengarry,18,342.702,0.0,VIC,950,3
205041493,4046,0.9389520514087988,0.0150766188828472,Traralgon - East,80,108.33,1.0,VIC,926,3
205041494,6160,0.9477272727272728,0.0147727272727272,Traralgon - West,69,41.343,2.0,VIC,978,5
205051099,7,0.5714285714285714,0.0,Alps - West,0,2955.67,0.0,VIC,-,-
205051100,1537,0.8288874430709173,0.0091086532205595,Longford - Loch Sport,26,1610.85,0.0,VIC,948,3
205051101,4874,0.910750923266311,0.0069757899056216,Maffra,27,2532.311,0.0,VIC,940,3
205051102,1405,0.8818505338078292,0.0085409252669039,Rosedale,7,968.46,0.0,VIC,954,4
205051103,5181,0.8969310943833236,0.0054043620922601,Sale,82,45.602,2.0,VIC,950,3
205051104,1604,0.8690773067331671,0.006857855361596,Yarram,10,1931.863,0.0,VIC,917,2
206011106,3509,0.5451695639783414,0.2043317184383015,Brunswick East,45,2.168,21.0,VIC,1117,10
206011107,4286,0.6803546430237984,0.160522631824545,Brunswick West,88,3.179,28.0,VIC,1073,8
206011109,2898,0.8360938578329883,0.0938578329882677,Pascoe Vale South,50,2.989,17.0,VIC,1076,9
206011495,3573,0.5421214665547159,0.221942345368038,Brunswick - North,63,2.409,26.0,VIC,1097,9
206011496,3595,0.490125173852573,0.2080667593880389,Brunswick - South,73,2.734,27.0,VIC,1116,10
206011497,3375,0.6613333333333333,0.1804444444444444,Coburg - East,87,3.747,23.0,VIC,1060,8
206011498,3633,0.7285989540324801,0.1398293421414808,Coburg - West,57,3.187,18.0,VIC,1068,8
206021110,2226,0.7026055705300989,0.1406109613656783,Alphington - Fairfield,62,2.885,21.0,VIC,1107,9
206021112,4953,0.7050272562083586,0.1481930143347466,Thornbury,87,4.997,17.0,VIC,1083,9
206021499,3600,0.6630555555555555,0.1525,Northcote - East,76,3.514,22.0,VIC,1112,10
206021500,2538,0.6032308904649331,0.181639085894405,Northcote - West,71,2.631,27.0,VIC,1124,10
206031113,3907,0.7437931917071923,0.1538264653186588,Ascot Vale,68,3.836,18.0,VIC,1062,8
206031115,2315,0.5943844492440604,0.2414686825053995,Flemington,44,1.581,28.0,VIC,997,6
206031116,4637,0.7097261160232909,0.1850334267845589,Moonee Ponds,92,4.355,21.0,VIC,1097,9
206031501,4800,0.8535416666666666,0.0875,Essendon (West) - Aberfeldie,71,4.889,15.0,VIC,1086,9
206031502,3711,0.7639450282942603,0.1692266235516033,Essendon - East,119,3.554,33.0,VIC,1091,9
206041117,4390,0.3072892938496583,0.2990888382687927,Carlton,52,1.818,29.0,VIC,1050,8
206041118,4256,0.3968515037593985,0.3498590225563909,Docklands,59,2.444,24.0,VIC,1109,9
206041119,1271,0.4665617623918174,0.1644374508261211,East Melbourne,70,2.9,24.0,VIC,1156,10
206041120,25,0.8,0.12,Flemington Racecourse,10,1.709,6.0,VIC,1133,10
206041121,2736,0.5917397660818714,0.2244152046783625,Kensington (Vic.),26,2.147,12.0,VIC,1097,9
206041124,1960,0.4591836734693877,0.2040816326530612,Parkville,56,4.049,14.0,VIC,1102,9
206041125,1599,0.4840525328330206,0.1976235146966854,South Yarra - West,32,1.502,21.0,VIC,1147,10
206041127,0,,,West Melbourne - Industrial,29,6.199,5.0,VIC,,
206041503,2982,0.1680080482897384,0.4299128101945003,Melbourne CBD - East,35,0.802,44.0,VIC,1079,9
206041504,5459,0.1401355559626305,0.4830555046711852,Melbourne CBD - North,51,0.561,91.0,VIC,1051,8
206041505,5433,0.1669427572243696,0.5168415240198785,Melbourne CBD - West,82,1.005,82.0,VIC,1073,8
206041506,4294,0.4098742431299487,0.2298556124825337,North Melbourne,60,2.425,25.0,VIC,1056,8
206041507,0,,,Royal Botanic Gardens Victoria,7,1.351,5.0,VIC,,
206041508,2003,0.3694458312531203,0.272591113330005,Southbank (West) - South Wharf,14,0.85,16.0,VIC,1112,10
206041509,5554,0.3354339214980194,0.3127475693194094,Southbank - East,20,0.804,25.0,VIC,1104,9
206041510,2408,0.3679401993355481,0.2973421926910299,West Melbourne - Residential,23,0.825,28.0,VIC,1099,9
206051128,3895,0.5951219512195122,0.1599486521181001,Albert Park,62,4.675,13.0,VIC,1132,10
206051129,4082,0.7339539441450269,0.1268985791278785,Elwood,45,2.554,18.0,VIC,1117,10
206051130,3857,0.7127301011148561,0.0925589836660617,Port Melbourne,57,2.789,20.0,VIC,1108,9
206051134,4621,0.6457476736637091,0.2023371564596407,St Kilda East,69,2.413,29.0,VIC,1101,9
206051511,647,0.6846986089644513,0.1174652241112828,Port Melbourne Industrial,55,7.642,7.0,VIC,1141,10
206051512,2882,0.5170020818875781,0.1783483691880638,South Melbourne,39,1.89,21.0,VIC,1094,9
206051513,3842,0.5929203539823009,0.2199375325351379,St Kilda - Central,52,1.538,34.0,VIC,1083,9
206051514,3924,0.5739041794087666,0.2099898063200815,St Kilda - West,53,2.364,22.0,VIC,1091,9
206061135,2410,0.7074688796680498,0.179253112033195,Armadale,68,2.183,31.0,VIC,1130,10
206061136,5653,0.5793384043870511,0.2080311339111976,Prahran - Windsor,79,2.905,27.0,VIC,1123,10
206061138,3110,0.7569131832797428,0.1180064308681672,Toorak,63,4.324,15.0,VIC,1150,10
206061515,3420,0.4678362573099415,0.2883040935672514,South Yarra - North,36,1.17,31.0,VIC,1142,10
206061516,2636,0.529969650986343,0.2477238239757208,South Yarra - South,33,1.348,24.0,VIC,1094,9
206071139,2729,0.5210699890069622,0.2154635397581531,Abbotsford,48,1.741,28.0,VIC,1127,10
206071140,2158,0.5069508804448564,0.1760889712696941,Carlton North - Princes Hill,37,2.304,16.0,VIC,1135,10
206071141,2501,0.4694122351059576,0.1875249900039984,Collingwood,21,1.267,17.0,VIC,1045,7
206071142,2579,0.4249709189608375,0.1690577743311361,Fitzroy,34,1.377,25.0,VIC,1066,8
206071143,3051,0.5388397246804326,0.1583087512291052,Fitzroy North,80,2.505,32.0,VIC,1125,10
206071145,2406,0.657522859517872,0.1354945968412302,Clifton Hill - Alphington,46,5.209,9.0,VIC,1143,10
206071517,5144,0.5853421461897356,0.1784603421461897,Richmond (South) - Cremorne,136,4.289,32.0,VIC,1158,10
206071518,4128,0.5549903100775194,0.2068798449612403,Richmond - North,50,1.924,26.0,VIC,1048,8
207011146,1751,0.816105082809823,0.0970873786407767,Ashburton (Vic.),33,2.837,12.0,VIC,1126,10
207011147,3741,0.8275862068965517,0.098904036353916,Balwyn,62,5.586,11.0,VIC,1109,9
207011148,5210,0.8836852207293666,0.0777351247600767,Balwyn North,108,8.849,12.0,VIC,1115,10
207011149,4695,0.80234291799787,0.1175718849840255,Camberwell,151,7.292,21.0,VIC,1137,10
207011150,3888,0.8402777777777778,0.0918209876543209,Glen Iris - East,51,5.705,9.0,VIC,1155,10
207011152,4101,0.7225067056815411,0.157766398439405,Hawthorn East,41,3.825,11.0,VIC,1132,10
207011154,1667,0.8386322735452909,0.0809838032393521,Kew East,41,4.016,10.0,VIC,1122,10
207011155,3461,0.8130598093036695,0.1118173938168159,Surrey Hills (West) - Canterbury,72,5.703,13.0,VIC,1143,10
207011519,2529,0.6670620798734678,0.1613285883748517,Hawthorn - North,25,2.456,10.0,VIC,1133,10
207011520,3199,0.6408252578930916,0.2038136917786808,Hawthorn - South,47,3.216,15.0,VIC,1125,10
207011521,2845,0.7957820738137082,0.0854130052724077,Kew - South,66,4.323,15.0,VIC,1143,10
207011522,3335,0.7961019490254873,0.0893553223388305,Kew - West,51,6.21,8.0,VIC,1126,10
207021156,3120,0.8881410256410256,0.0817307692307692,Bulleen,58,6.671,9.0,VIC,1061,8
207021157,6657,0.8508337088778729,0.1081568273997296,Doncaster,106,8.774,12.0,VIC,1057,8
207021159,4346,0.9155545329038196,0.0582144500690289,Templestowe,109,16.117,7.0,VIC,1094,9
207021160,3527,0.9018996314148,0.0717323504394669,Templestowe Lower,63,5.938,11.0,VIC,1071,8
207021424,4151,0.897133220910624,0.0925078294386894,Doncaster East - North,75,6.403,12.0,VIC,1079,9
207021425,3918,0.8619193466054109,0.0982644206227667,Doncaster East - South,61,4.769,13.0,VIC,1050,8
207031161,5587,0.8292464650080544,0.1229640236262752,Blackburn,147,8.607,17.0,VIC,1087,9
207031162,2739,0.8762322015334063,0.0806863818912011,Blackburn South,47,3.597,13.0,VIC,1071,8
207031163,6566,0.6906792567773378,0.2088029241547365,Box Hill,160,7.012,23.0,VIC,1041,7
207031164,4933,0.832150821001419,0.1181836610581796,Box Hill North,86,6.208,14.0,VIC,1075,9
207031165,3409,0.7943678498093283,0.1466705778820768,Burwood (Vic.),76,5.039,15.0,VIC,1049,8
207031166,2956,0.8508119079837618,0.1072395128552097,Burwood East,64,4.262,15.0,VIC,1047,8
207031167,2421,0.8124741842213962,0.117719950433705,Surrey Hills (East) - Mont Albert,35,3.328,11.0,VIC,1130,10
208011168,3249,0.8965835641735919,0.0446291166512773,Beaumaris,75,5.968,13.0,VIC,1134,10
208011169,4783,0.8132970938741376,0.0869747020698306,Brighton (Vic.),129,8.2,16.0,VIC,1146,10
208011170,3609,0.8692158492657246,0.057079523413688,Brighton East,58,5.608,10.0,VIC,1133,10
208011171,3122,0.8424087123638693,0.0932094811018577,Highett (West) - Cheltenham,78,5.32,15.0,VIC,1098,9
208011172,4056,0.8286489151873767,0.0865384615384615,Hampton,85,5.685,15.0,VIC,1115,10
208011173,3877,0.8444673716791333,0.0753159659530565,Sandringham - Black Rock,71,6.43,11.0,VIC,1125,10
208021174,6195,0.81727199354318,0.1213882163034705,Bentleigh - McKinnon,83,6.225,13.0,VIC,1102,9
208021176,5236,0.7477081741787625,0.1984339190221543,Carnegie,76,3.805,20.0,VIC,1087,9
208021177,5688,0.7772503516174403,0.1264064697609001,Caulfield - North,148,6.419,23.0,VIC,1122,10
208021178,4462,0.8267593007619901,0.0995069475571492,Caulfield - South,83,4.742,18.0,VIC,1120,10
208021179,2940,0.7489795918367347,0.1448979591836734,Elsternwick,77,2.862,27.0,VIC,1118,10
208021180,2159,0.7711903659101436,0.1732283464566929,Hughesdale,33,2.01,16.0,VIC,1073,8
208021181,2630,0.7752851711026616,0.1631178707224334,Murrumbeena,51,2.515,20.0,VIC,1099,9
208021182,3699,0.7347931873479319,0.1949175452825088,Ormond - Glen Huntly,47,2.937,16.0,VIC,1090,9
208021426,4366,0.8820430600091617,0.0765002290426019,Bentleigh East - North,71,4.599,15.0,VIC,1091,9
208021427,3825,0.8943790849673202,0.0624836601307189,Bentleigh East - South,83,4.588,18.0,VIC,1090,9
208031183,2866,0.9235868806699232,0.0432658757850662,Aspendale Gardens - Waterways,23,5.307,4.0,VIC,1079,9
208031184,17,0.4705882352941176,0.0,Braeside,48,9.082,5.0,VIC,-,-
208031185,3942,0.9200913242009132,0.0481988838153221,Carrum - Patterson Lakes,59,5.825,10.0,VIC,1033,7
208031186,4455,0.8938271604938272,0.0673400673400673,Chelsea - Bonbeach,67,5.423,12.0,VIC,1037,7
208031187,1657,0.9378394689197344,0.0386240193120096,Chelsea Heights,41,3.195,13.0,VIC,1024,7
208031188,6687,0.854493793928518,0.0738746822192313,Highett (East) - Cheltenham,120,8.737,14.0,VIC,1055,8
208031189,3859,0.8846851515936771,0.0715211194610002,Edithvale - Aspendale,59,5.1,12.0,VIC,1077,9
208031190,3800,0.8539473684210527,0.0863157894736842,Mentone,65,4.45,15.0,VIC,1072,8
208031191,2603,0.863618901267768,0.0825970034575489,Moorabbin - Heatherton,90,11.7,8.0,VIC,1066,8
208031192,0,,,Moorabbin Airport,9,3.076,3.0,VIC,,
208031193,6119,0.8789017813368197,0.0632456283706488,Mordialloc - Parkdale,88,7.968,11.0,VIC,1082,9
208041194,5123,0.7544407573687293,0.1428850283037283,Malvern - Glen Iris,103,6.155,17.0,VIC,1137,10
208041195,5568,0.7857399425287356,0.1343390804597701,Malvern East,102,7.568,13.0,VIC,1128,10
209011196,3048,0.8792650918635171,0.082020997375328,Bundoora - East,43,4.075,11.0,VIC,1017,6
209011197,5743,0.898485112310639,0.0722618840327355,Greensborough,114,10.097,11.0,VIC,1061,8
209011198,4060,0.7677339901477832,0.1226600985221674,Heidelberg - Rosanna,78,6.372,12.0,VIC,1089,9
209011199,4277,0.8363338788870703,0.0858078092120645,Heidelberg West,103,6.691,15.0,VIC,991,5
209011200,3232,0.791769801980198,0.1089108910891089,Ivanhoe,59,5.05,12.0,VIC,1115,10
209011201,1999,0.8309154577288644,0.0730365182591295,Ivanhoe East - Eaglemont,27,4.278,6.0,VIC,1147,10
209011202,4448,0.9028776978417268,0.0609262589928057,Montmorency - Briar Hill,60,12.028,5.0,VIC,1073,8
209011203,4973,0.8371204504323346,0.0882766941484013,Viewbank - Yallambie,70,10.239,7.0,VIC,1068,8
209011204,2661,0.8684704998121007,0.0931980458474257,Watsonia,65,3.786,17.0,VIC,1035,7
209021205,3313,0.8267431331119831,0.1056444310292786,Kingsbury,68,9.009,8.0,VIC,1033,7
209021428,6055,0.7324525185796862,0.153757225433526,Preston - East,168,7.745,22.0,VIC,1031,7
209021429,3332,0.7472989195678271,0.1395558223289315,Preston - West,51,3.568,14.0,VIC,1056,8
209021523,4463,0.8155948913287027,0.1451938158189558,Reservoir - North East,74,4.788,15.0,VIC,983,5
209021524,2675,0.8758878504672897,0.0844859813084112,Reservoir - North West,68,4.53,15.0,VIC,965,4
209021525,3551,0.8203323007603492,0.1194029850746268,Reservoir - South East,101,4.179,24.0,VIC,978,5
209021526,4105,0.7809987819732034,0.1561510353227771,Reservoir - South West,129,5.625,23.0,VIC,1017,6
209031209,6320,0.9104430379746836,0.0534810126582278,Eltham,87,19.487,4.0,VIC,1099,9
209031210,1111,0.9207920792079208,0.045004500450045,Hurstbridge,13,14.842,1.0,VIC,1048,8
209031211,1384,0.921242774566474,0.0137283236994219,Kinglake,25,319.504,0.0,VIC,1002,6
209031212,1573,0.912269548633185,0.0133502860775588,Panton Hill - St Andrews,2,292.198,0.0,VIC,1076,9
209031213,2981,0.9345857094934584,0.0379067427037906,Plenty - Yarrambat,56,29.117,2.0,VIC,1090,9
209031214,1909,0.925091671031954,0.037192247249869,Research - North Warrandyte,58,49.795,1.0,VIC,1116,10
209031215,4780,0.9240585774058576,0.0430962343096234,Wattle Glen - Diamond Creek,63,26.825,2.0,VIC,1069,8
209041216,2352,0.8983843537414966,0.0637755102040816,Bundoora - North,38,4.714,8.0,VIC,1033,7
209041217,1977,0.8897319170460294,0.067779463834092,Bundoora - West,17,2.561,7.0,VIC,982,5
209041220,5982,0.9093948512203276,0.0554998328318288,Mill Park - North,107,8.136,13.0,VIC,993,5
209041221,3763,0.9237310656391178,0.0523518469306404,Mill Park - South,46,4.93,9.0,VIC,974,5
209041223,5839,0.8587086829936633,0.1060113033053605,Thomastown,131,14.684,9.0,VIC,900,2
209041224,8087,0.9340917521948808,0.0311611227896624,Wallan,52,507.746,0.0,VIC,986,5
209041225,3477,0.917169974115617,0.0371009490940465,Whittlesea,65,297.98,0.0,VIC,999,6
209041431,4223,0.9069381955955482,0.0641723892967085,Epping - East,42,7.769,5.0,VIC,945,3
209041432,2633,0.8439042916824915,0.1310292442081276,Epping - South,87,15.871,5.0,VIC,920,2
209041433,4063,0.9091804085650996,0.0730986955451636,Epping (Vic.) - West,38,7.357,5.0,VIC,988,5
209041435,4417,0.9189495132442834,0.0661082182476794,South Morang - North,61,13.709,4.0,VIC,1032,7
209041436,4293,0.91148381085488,0.069648264616818,South Morang - South,61,7.745,8.0,VIC,997,6
209041437,8216,0.9121226874391432,0.0712025316455696,Wollert,38,53.892,1.0,VIC,1002,6
209041527,5227,0.9273005548115554,0.0470633250430457,Doreen - North,55,9.439,6.0,VIC,1027,7
209041528,3527,0.9217465267933088,0.0598242132123617,Doreen - South,33,5.022,7.0,VIC,1022,7
209041529,2878,0.8474635163307853,0.1275191104933982,Lalor - East,42,3.323,13.0,VIC,896,2
209041530,3869,0.8759369346084259,0.0899457224088911,Lalor - West,47,8.737,5.0,VIC,935,3
209041531,3704,0.9028077753779696,0.076133909287257,Mernda - North,38,15.196,3.0,VIC,1003,6
209041532,4069,0.9117719341361514,0.0744654706316048,Mernda - South,56,8.627,6.0,VIC,1016,6
210011226,2536,0.8947160883280757,0.0524447949526813,Airport West,55,3.72,15.0,VIC,1018,6
210011227,10,0.9,0.0,Essendon Airport,7,3.355,2.0,VIC,,
210011228,2494,0.9394546912590216,0.0408981555733761,Keilor,66,17.512,4.0,VIC,1035,7
210011230,2284,0.8866024518388792,0.0704903677758318,Niddrie - Essendon West,41,2.803,15.0,VIC,1073,8
210011231,2850,0.8947368421052632,0.0522807017543859,Strathmore,52,4.145,13.0,VIC,1100,9
210011533,3300,0.8975757575757576,0.0621212121212121,Avondale Heights,42,5.408,8.0,VIC,1012,6
210011534,4100,0.9143902439024392,0.0548780487804878,Keilor East,66,5.483,12.0,VIC,1031,7
210021232,4373,0.9318545620855248,0.0226389206494397,Gisborne,77,211.057,0.0,VIC,1068,8
210021233,885,0.9107344632768362,0.0248587570621468,Macedon,3,72.99,0.0,VIC,1108,9
210021234,1471,0.919102651257648,0.0401087695445275,Riddells Creek,6,83.35,0.0,VIC,1048,8
210021235,3506,0.9329720479178552,0.0159726183685111,Romsey,21,624.709,0.0,VIC,1016,6
210031236,2163,0.7688395746648173,0.1308368007397133,Coburg North,64,4.878,13.0,VIC,1041,7
210031237,3690,0.8189701897018971,0.1241192411924119,Fawkner,81,5.085,16.0,VIC,952,4
210031439,945,0.9322751322751324,0.0296296296296296,Gowanbrae,17,1.523,11.0,VIC,1061,8
210031440,1674,0.8829151732377539,0.0806451612903225,Hadfield,34,3.05,11.0,VIC,976,5
210031535,4157,0.8025018041857108,0.1484243444791917,Glenroy - East,67,6.248,11.0,VIC,961,4
210031536,2868,0.7203626220362622,0.2433751743375174,Glenroy - West,25,2.611,10.0,VIC,1004,6
210031537,2288,0.7950174825174825,0.1717657342657342,Oak Park,26,2.354,11.0,VIC,1071,8
210031538,5099,0.8440870758972348,0.1192390664836242,Pascoe Vale,70,4.63,15.0,VIC,1048,8
210041240,4593,0.9305464837796648,0.0396255170912257,Sunbury,65,129.549,1.0,VIC,1013,6
210041539,1877,0.9099627064464572,0.0777836973894512,Diggers Rest,32,51.892,1.0,VIC,1004,6
210041540,4790,0.9096033402922756,0.0580375782881002,Sunbury - South,110,41.45,3.0,VIC,990,5
210041541,3878,0.927797833935018,0.0479628674574523,Sunbury - West,71,37.794,2.0,VIC,997,6
210051242,3431,0.7965607694549693,0.1559312153890993,Broadmeadows,93,8.827,11.0,VIC,840,1
210051243,3522,0.860022714366837,0.0931289040318001,Campbellfield - Coolaroo,109,18.187,6.0,VIC,836,1
210051245,5488,0.924927113702624,0.0389941690962099,Gladstone Park - Westmeadows,75,13.937,5.0,VIC,965,4
210051246,7183,0.9287205902826116,0.0357789224557984,Greenvale - Bulla,71,95.906,1.0,VIC,1032,7
210051247,3448,0.906322505800464,0.0562645011600928,Meadow Heights,61,4.625,13.0,VIC,845,1
210051248,23,0.782608695652174,0.0,Melbourne Airport,18,30.385,1.0,VIC,1053,8
210051250,2094,0.9083094555873924,0.0434574976122254,Tullamarine,30,3.86,8.0,VIC,952,4
210051441,2675,0.8953271028037383,0.0755140186915887,Craigieburn - Central,23,3.968,6.0,VIC,909,2
210051442,4030,0.9114143920595532,0.0669975186104218,Craigieburn - North,30,13.352,2.0,VIC,972,4
210051443,6803,0.8979861825665147,0.07290901073056,Craigieburn - South,103,11.914,9.0,VIC,955,4
210051445,7975,0.9220062695924764,0.0540438871473354,Mickleham - Yuroke,54,70.836,1.0,VIC,997,6
210051542,3133,0.8965847430577721,0.0823491860836259,Craigieburn - North West,19,1.92,10.0,VIC,977,5
210051543,3825,0.8857516339869281,0.0771241830065359,Craigieburn - West,46,4.089,11.0,VIC,954,4
210051544,2781,0.8996763754045307,0.0686803308162531,Roxburgh Park (South) - Somerton,54,8.876,6.0,VIC,920,2
210051545,3651,0.9186524239934264,0.0586140783347028,Roxburgh Park - North,22,3.414,6.0,VIC,899,2
211011251,4131,0.896877269426289,0.0685064149116436,Bayswater,69,8.044,9.0,VIC,987,5
211011254,5356,0.9305451829723674,0.0485436893203883,Knoxfield - Scoresby,115,15.265,8.0,VIC,1042,7
211011255,2398,0.9445371142618848,0.0179316096747289,Lysterfield,25,18.494,1.0,VIC,1088,9
211011256,5351,0.9461782844328164,0.0368155484956083,Rowville - Central,75,8.2,9.0,VIC,1041,7
211011257,2601,0.9473279507881583,0.0342176086120722,Rowville - North,27,4.169,6.0,VIC,1073,8
211011258,3607,0.9506515109509288,0.0335458830052675,Rowville - South,36,9.353,4.0,VIC,1065,8
211011259,4130,0.9145278450363196,0.0554479418886198,Wantirna,47,8.306,6.0,VIC,1044,7
211011260,5281,0.9212270403332702,0.0524521870857792,Wantirna South,128,13.356,10.0,VIC,1048,8
211011446,7488,0.9045138888888888,0.0587606837606837,Boronia,117,11.263,10.0,VIC,992,5
211011447,4483,0.9058666071826902,0.0577738121793441,Ferntree Gully - North,65,6.985,9.0,VIC,994,5
211011448,5261,0.9273902299942977,0.0473294050560729,Ferntree Gully (South) - Upper Ferntree Gully,83,9.15,9.0,VIC,1016,6
211011449,1478,0.922192151556157,0.0263870094722598,The Basin,15,5.716,3.0,VIC,1025,7
211021261,4188,0.9245463228271252,0.045367717287488,Donvale - Park Orchards,86,20.803,4.0,VIC,1098,9
211021262,3003,0.9287379287379288,0.0276390276390276,Warrandyte - Wonga Park,80,45.759,2.0,VIC,1106,9
211031263,4126,0.9192922927775083,0.0416868637905962,Bayswater North,84,9.909,8.0,VIC,1001,6
211031265,5612,0.93496079828938,0.0334996436208125,Croydon Hills - Warranwood,71,9.492,7.0,VIC,1075,9
211031266,5498,0.8470352855583849,0.1107675518370316,Ringwood,120,9.911,12.0,VIC,1022,7
211031267,5846,0.8877865206979131,0.0754361956893602,Ringwood East,59,9.393,6.0,VIC,1048,8
211031268,2656,0.9190512048192772,0.0568524096385542,Ringwood North,56,4.731,12.0,VIC,1085,9
211031450,5154,0.9006596818005432,0.0636398913465269,Croydon - East,77,8.098,10.0,VIC,991,5
211031451,3946,0.9049670552458186,0.0631018753167764,Croydon - West,71,6.798,10.0,VIC,1025,7
211031452,1525,0.919344262295082,0.0485245901639344,Croydon South,14,2.856,5.0,VIC,1026,7
211041269,2729,0.8732136313668011,0.0850128252106998,Forest Hill,52,4.071,13.0,VIC,1036,7
211041270,4568,0.8366900175131349,0.1254378283712784,Mitcham (Vic.),109,6.627,16.0,VIC,1075,9
211041271,3286,0.8365794278758368,0.1265976871576384,Nunawading,74,5.078,15.0,VIC,1059,8
211041272,2870,0.8933797909407666,0.0766550522648083,Vermont,50,4.609,11.0,VIC,1071,8
211041273,3029,0.9026081214922416,0.0765929349620336,Vermont South,51,6.184,8.0,VIC,1073,8
211051274,3025,0.9021487603305786,0.0492561983471074,Belgrave - Selby,81,55.652,1.0,VIC,1057,8
211051275,3890,0.9377892030848328,0.0331619537275064,Chirnside Park,39,22.203,2.0,VIC,1037,7
211051276,4378,0.91662859753312,0.0173595248972133,Healesville - Yarra Glen,50,369.525,0.0,VIC,993,5
211051277,3329,0.92760588765395,0.0330429558425953,Kilsyth,55,8.242,7.0,VIC,985,5
211051278,6609,0.9210167952791648,0.0411559993947647,Lilydale - Coldstream,106,109.382,1.0,VIC,1006,6
211051279,1897,0.9061676331049024,0.0168687401159725,Monbulk - Silvan,26,68.555,0.0,VIC,1024,7
211051280,2225,0.9379775280898875,0.0229213483146067,Montrose,39,10.543,4.0,VIC,1034,7
211051281,7739,0.9356506008528234,0.0462592066158418,Mooroolbark,48,12.544,4.0,VIC,1009,6
211051282,2694,0.9146250927988122,0.0382331106161841,Mount Dandenong - Olinda,135,81.9,2.0,VIC,1075,9
211051283,3482,0.932797242963814,0.0261344055140723,Mount Evelyn,41,16.99,2.0,VIC,1014,6
211051284,3091,0.9084438692979618,0.0585571012617276,Upwey - Tecoma,59,8.891,7.0,VIC,1050,8
211051285,2933,0.9171496760995568,0.0197749744289123,Wandin - Seville,26,111.756,0.0,VIC,1019,6
211051286,5432,0.9258100147275404,0.0167525773195876,Yarra Valley,79,729.756,0.0,VIC,955,4
212011289,6212,0.9399549259497746,0.0143271088216355,Emerald - Cockatoo,83,371.624,0.0,VIC,1034,7
212011546,8410,0.9209274673008324,0.0514863258026159,Beaconsfield - Officer,75,33.251,2.0,VIC,1036,7
212011547,3369,0.908875037102998,0.0246363906203621,Bunyip - Garfield,18,365.962,0.0,VIC,1003,6
212011548,3723,0.9218372280419016,0.0126242277733011,Koo Wee Rup,6,414.663,0.0,VIC,975,5
212011549,5368,0.9279061102831596,0.0402384500745156,Pakenham - North East,46,18.929,2.0,VIC,949,3
212011550,2709,0.91546696197859,0.0428202288667404,Pakenham - North West,13,24.678,1.0,VIC,999,6
212011551,2114,0.8713339640491958,0.0780510879848628,Pakenham - South East,52,30.941,2.0,VIC,924,2
212011552,9033,0.9098859736521644,0.0627698439056791,Pakenham - South West,88,22.278,4.0,VIC,968,4
212021293,7097,0.937156545019022,0.0345216288572636,Berwick - North,136,19.748,7.0,VIC,1042,7
212021295,3597,0.8968584931887684,0.0606060606060606,Doveton,46,5.193,9.0,VIC,859,1
212021297,3482,0.9124066628374498,0.0591614014933946,Hallam,59,8.056,7.0,VIC,925,2
212021299,2749,0.9414332484539832,0.0127319025100036,Narre Warren North,20,34.409,1.0,VIC,1066,8
212021453,3892,0.9383350462487152,0.040082219938335,Endeavour Hills - North,54,14.474,4.0,VIC,989,5
212021454,4177,0.9296145559013648,0.0406990663155374,Endeavour Hills - South,75,5.588,13.0,VIC,996,5
212021455,4728,0.934010152284264,0.041243654822335,Narre Warren - North East,43,4.874,9.0,VIC,986,5
212021456,4931,0.908132224700872,0.0683431352666801,Narre Warren - South West,82,9.305,9.0,VIC,945,3
212021553,5835,0.9261353898886032,0.0488431876606683,Berwick - South East,67,9.884,7.0,VIC,1051,8
212021554,3758,0.919105907397552,0.0510910058541777,Berwick - South West,27,4.972,5.0,VIC,1031,7
212031300,7348,0.902286336418073,0.0619216113228089,Cranbourne,84,13.027,6.0,VIC,906,2
212031303,6519,0.922227335480902,0.0343610983279644,Cranbourne South,68,81.662,1.0,VIC,1031,7
212031304,7944,0.9272406847935548,0.0425478348439073,Cranbourne West,48,12.898,4.0,VIC,973,5
212031306,6219,0.8929088277858177,0.0795947901591895,Lynbrook - Lyndhurst,48,7.358,7.0,VIC,1026,7
212031308,3018,0.9280980781974818,0.0053015241882041,Pearcedale - Tooradin,47,98.511,0.0,VIC,988,5
212031457,4618,0.9387180597661324,0.0387613685578172,Narre Warren South - East,41,6.22,7.0,VIC,1023,7
212031458,5763,0.922262710393892,0.0539649488113829,Narre Warren South - West,68,6.777,10.0,VIC,965,4
212031555,3459,0.9202081526452732,0.0540618675917895,Clyde North - North,26,6.883,4.0,VIC,1067,8
212031556,5606,0.9332857652515162,0.0451302176239743,Clyde North - South,88,19.654,4.0,VIC,1042,7
212031557,8068,0.9093951412989588,0.058874566187407,Cranbourne East - North,65,11.026,6.0,VIC,984,5
212031558,4386,0.918376652986776,0.0622435020519835,Cranbourne East - South,13,5.327,2.0,VIC,1004,6
212031559,4304,0.9298327137546468,0.0483271375464684,Cranbourne North - East,29,5.455,5.0,VIC,1012,6
212031560,4138,0.9197680038666022,0.0471242145964233,Cranbourne North - West,52,4.785,11.0,VIC,931,3
212031561,4316,0.9151992585727524,0.0581556997219647,Hampton Park - East,50,8.219,6.0,VIC,917,2
212031562,4429,0.9067509595845564,0.0602844885978776,Hampton Park - West,55,5.124,11.0,VIC,898,2
212041309,3386,0.8922031896042528,0.0753101004134672,Clarinda - Oakleigh South,56,6.323,9.0,VIC,995,5
212041310,4514,0.824102791315906,0.1451041205139565,Clayton South,73,7.939,9.0,VIC,979,5
212041312,6940,0.9102305475504324,0.0636887608069164,Dandenong North,103,9.458,11.0,VIC,934,3
212041313,3328,0.9263822115384616,0.03515625,Dingley Village,48,7.243,7.0,VIC,1048,8
212041316,2348,0.91396933560477,0.0519591141396933,Noble Park North,45,3.758,12.0,VIC,936,3
212041317,7461,0.8351427422597507,0.120627261761158,Springvale,99,11.106,9.0,VIC,900,2
212041318,4456,0.9104578096947936,0.0626122082585278,Springvale South,49,4.56,11.0,VIC,878,1
212041459,4486,0.8448506464556398,0.1101203744984395,Noble Park - East,42,3.768,11.0,VIC,921,2
212041460,6701,0.8697209371735561,0.1059543351738546,Noble Park - West,56,4.794,12.0,VIC,888,1
212041563,6521,0.8333077748811532,0.126514338291673,Dandenong - North,135,8.041,17.0,VIC,872,1
212041564,2839,0.8686157097569567,0.0891158858753082,Dandenong - South,130,53.783,2.0,VIC,864,1
212041565,5049,0.9191919191919192,0.0483264012675777,Keysborough - North,75,6.605,11.0,VIC,924,2
212041566,5468,0.9336137527432332,0.0416971470373079,Keysborough - South,44,23.675,2.0,VIC,1074,8
212051319,5287,0.8519008889729526,0.1080007565727255,Ashwood - Chadstone,65,6.709,10.0,VIC,1067,8
212051321,5413,0.8627378533160909,0.1023462035839645,Glen Waverley - East,82,9.164,9.0,VIC,1084,9
212051322,5633,0.8370317770282265,0.1111308361441505,Glen Waverley - West,101,7.676,13.0,VIC,1074,8
212051323,4040,0.8762376237623762,0.097029702970297,Mount Waverley - North,56,6.484,9.0,VIC,1091,9
212051324,5042,0.8629512098373662,0.0975803252677508,Mount Waverley - South,69,8.701,8.0,VIC,1092,9
212051325,5916,0.9109195402298852,0.0669371196754563,Mulgrave,110,10.719,10.0,VIC,1043,7
212051326,6893,0.8247497461192514,0.125054403017554,Oakleigh - Huntingdale,184,10.17,18.0,VIC,1056,8
212051327,5173,0.921708872994394,0.056060313164508,Wheelers Hill,105,10.439,10.0,VIC,1080,9
212051567,2879,0.7134421674192428,0.1653351858284126,Clayton (North) - Notting Hill,74,5.229,14.0,VIC,1029,7
212051568,4416,0.6902173913043478,0.2266757246376811,Clayton - Central,40,4.182,10.0,VIC,1013,6
213011328,2259,0.7897299690128375,0.1611332447985834,Ardeer - Albion,35,4.588,8.0,VIC,930,3
213011329,3316,0.9065138721351024,0.066043425814234,Cairnlea,15,4.406,3.0,VIC,968,4
213011331,2678,0.9055265123226288,0.0731889469753547,Delahey,30,3.506,9.0,VIC,902,2
213011332,3849,0.9181605611847232,0.0506625097427903,Keilor Downs,66,7.66,9.0,VIC,959,4
213011333,3938,0.9118842051802946,0.0746571863890299,Kings Park (Vic.),53,4.432,12.0,VIC,854,1
213011334,5777,0.8322658819456465,0.1305175696728405,St Albans - North,79,6.522,12.0,VIC,863,1
213011335,4995,0.8298298298298298,0.1395395395395395,St Albans - South,72,6.265,11.0,VIC,869,1
213011336,2852,0.7629733520336606,0.1889901823281907,Sunshine,110,4.732,23.0,VIC,957,4
213011337,3710,0.8735849056603774,0.0951482479784366,Sunshine North,43,8.023,5.0,VIC,904,2
213011338,5389,0.8741881610688439,0.0929671553163852,Sunshine West,101,12.969,8.0,VIC,906,2
213011339,3901,0.8723404255319149,0.096641886695719,Sydenham,55,3.948,14.0,VIC,968,4
213011340,5833,0.9365678038745072,0.0378878793073889,Taylors Lakes,110,18.463,6.0,VIC,1026,7
213011569,5354,0.8935375420246545,0.0825550989914083,Deer Park,70,8.077,9.0,VIC,912,2
213011570,2821,0.912442396313364,0.0655795817086139,Derrimut,24,13.258,2.0,VIC,995,5
213021341,3545,0.8507757404795486,0.0933709449929478,Altona,79,17.683,4.0,VIC,1048,8
213021342,5553,0.8982531964703764,0.0745542949756888,Altona Meadows,46,10.542,4.0,VIC,967,4
213021343,3912,0.8816462167689162,0.081799591002045,Altona North,124,16.184,8.0,VIC,993,5
213021344,4718,0.8268334039847393,0.1093683764306909,Newport,100,8.84,11.0,VIC,1103,9
213021345,1433,0.886950453593859,0.0830425680390788,Seabrook,9,1.62,6.0,VIC,1006,6
213021346,3806,0.8166053599579611,0.093011035207567,Williamstown,79,7.347,11.0,VIC,1101,9
213031347,5835,0.8325621251071122,0.124764353041988,Braybrook,85,7.485,11.0,VIC,965,4
213031348,5085,0.6135693215339233,0.2788593903638151,Footscray,125,4.967,25.0,VIC,1030,7
213031349,4214,0.8327005220692928,0.0999050783103939,Maribyrnong,78,5.493,14.0,VIC,1063,8
213031350,2214,0.7199638663053297,0.1820234869015357,Seddon - Kingsville,31,1.68,18.0,VIC,1103,9
213031351,3229,0.746051409104986,0.1684732115205946,West Footscray - Tottenham,62,5.981,10.0,VIC,1046,7
213031352,3975,0.7562264150943396,0.1489308176100628,Yarraville,98,5.62,17.0,VIC,1109,9
213041353,8391,0.9214634727684424,0.0357525920629245,Bacchus Marsh,83,196.299,0.0,VIC,983,5
213041358,6596,0.928289872650091,0.0377501516070345,Melton West,87,24.202,4.0,VIC,920,2
213041359,5191,0.8979002119052206,0.0687728761317665,Rockbank - Mount Cottrell,47,125.761,0.0,VIC,1029,7
213041360,6170,0.919611021069692,0.0568881685575364,Taylors Hill,43,5.967,7.0,VIC,1023,7
213041461,1746,0.9266895761741124,0.061282932416953,Burnside,20,2.552,8.0,VIC,982,5
213041462,1966,0.9109867751780264,0.0523906408952187,Burnside Heights,14,1.995,7.0,VIC,1007,6
213041463,6345,0.9227738376674548,0.0537431048069345,Caroline Springs,79,6.952,11.0,VIC,1011,6
213041571,3031,0.9234576047509072,0.0435499835037941,Brookfield,24,10.693,2.0,VIC,937,3
213041572,2572,0.890746500777605,0.0715396578538102,Cobblebank - Strathtulloh,14,19.759,1.0,VIC,1001,6
213041573,924,0.9361471861471862,0.0303030303030303,Eynesbury - Exford,13,69.489,0.0,VIC,1056,8
213041574,3364,0.9149821640903686,0.0671819262782401,Fraser Rise - Plumpton,10,58.732,0.0,VIC,1035,7
213041575,5722,0.9288710241174416,0.0468367703600139,Hillside,46,7.817,6.0,VIC,1013,6
213041576,3774,0.924748277689454,0.0357710651828298,Kurunjang - Toolern Vale,37,120.844,0.0,VIC,921,2
213041577,1976,0.8901821862348178,0.0526315789473684,Melton,59,9.861,6.0,VIC,843,1
213041578,4412,0.8900725294650952,0.0809156844968268,Melton South - Weir Views,49,11.021,4.0,VIC,881,1
213051361,6061,0.9023263487873288,0.0651707639003464,Hoppers Crossing - North,96,10.913,9.0,VIC,955,4
213051362,5381,0.8639658056123397,0.0983088645233228,Hoppers Crossing - South,91,7.011,13.0,VIC,936,3
213051363,3539,0.7923142130545352,0.1650183667702741,Laverton,113,22.245,5.0,VIC,1015,6
213051368,5114,0.8846304262807978,0.0694172858818928,Werribee - South,94,114.033,1.0,VIC,1001,6
213051464,5299,0.8922438195886017,0.0737875070768069,Point Cook - East,34,19.036,2.0,VIC,1072,8
213051466,4704,0.8703231292517006,0.1122448979591836,Point Cook - South,22,9.422,2.0,VIC,1087,9
213051467,5549,0.8778158226707515,0.0895656875112632,Werribee - East,112,7.757,14.0,VIC,897,2
213051468,7322,0.8979786943458071,0.075935536738596,Werribee - West,69,127.663,1.0,VIC,992,5
213051579,2849,0.8006318006318006,0.18006318006318,Manor Lakes - Quandong,13,72.034,0.0,VIC,1037,7
213051580,4143,0.8904175718078687,0.0663770214820178,Point Cook - North East,46,5.553,8.0,VIC,1033,7
213051581,2799,0.8781707752768846,0.1007502679528403,Point Cook - North West,16,2.938,5.0,VIC,1057,8
213051582,3122,0.8689942344650865,0.0932094811018577,Tarneit (West) - Mount Cottrell,19,36.706,1.0,VIC,1021,6
213051583,8815,0.8490073737946682,0.1115144639818491,Tarneit - Central,81,7.96,10.0,VIC,1011,6
213051584,2421,0.8574969021065675,0.1148285832300702,Tarneit - North,20,14.346,1.0,VIC,1031,7
213051585,3441,0.8788142981691369,0.0877651845393781,Tarneit - South,32,3.13,10.0,VIC,981,5
213051586,2887,0.8787668860408728,0.0852095600969864,Truganina - North,13,17.52,1.0,VIC,1046,7
213051587,3003,0.8541458541458542,0.1032301032301032,Truganina - South East,22,4.268,5.0,VIC,1053,8
213051588,5380,0.8685873605947956,0.0838289962825278,Truganina - South West,38,5.377,7.0,VIC,995,5
213051589,2782,0.8569374550682962,0.120057512580877,Wyndham Vale - North,22,51.25,0.0,VIC,976,5
213051590,4128,0.8917151162790697,0.0784883720930232,Wyndham Vale - South,66,4.957,13.0,VIC,947,3
214011370,8387,0.9348992488374864,0.0310003576964349,Carrum Downs,105,20.308,5.0,VIC,950,3
214011371,7449,0.8873674318700496,0.053966975432944,Frankston,139,11.625,12.0,VIC,962,4
214011372,5763,0.9120249869859448,0.0527503036612875,Frankston North,121,13.239,9.0,VIC,909,2
214011373,5407,0.9361938228222676,0.0220085074902903,Frankston South,65,14.561,4.0,VIC,1062,8
214011374,8903,0.9441761204088508,0.0196562956306862,Langwarrin,96,37.62,3.0,VIC,1005,6
214011375,5327,0.9067017082785808,0.0527501407921907,Seaford (Vic.),93,12.432,7.0,VIC,979,5
214011376,4809,0.9494697442295696,0.0185069661052193,Skye - Sandhurst,17,19.815,1.0,VIC,1028,7
214021377,3689,0.9406343182434264,0.0151802656546489,Dromana,36,45.058,1.0,VIC,998,6
214021378,1437,0.8761308281141267,0.0027835768963117,Flinders,12,287.379,0.0,VIC,1095,9
214021379,7764,0.8503348789283874,0.0132663575476558,Hastings - Somers,84,108.885,1.0,VIC,969,4
214021381,4695,0.9407880724174654,0.022790202342918,Mount Eliza,31,23.208,1.0,VIC,1115,10
214021382,5565,0.9471698113207548,0.0156334231805929,Mount Martha,76,30.21,3.0,VIC,1068,8
214021383,4728,0.9223773265651438,0.015228426395939,Point Nepean,198,67.186,3.0,VIC,1016,6
214021384,5897,0.9462438528065118,0.0113617093437341,Rosebud - McCrae,78,23.795,3.0,VIC,948,3
214021385,6807,0.934919935360658,0.0148376671073894,Somerville,57,117.355,0.0,VIC,999,6
214021591,4469,0.9407026180353548,0.0205862609084806,Mornington - East,51,14.689,3.0,VIC,995,5
214021592,2597,0.9041201386214864,0.0154023873700423,Mornington - West,69,6.404,11.0,VIC,1036,7
215011386,2749,0.897053473990542,0.0112768279374317,Ararat,69,161.179,0.0,VIC,904,2
215011387,984,0.8323170731707317,0.0,Ararat Surrounds,19,4023.197,0.0,VIC,998,6
215011388,6445,0.9106283941039566,0.0048099301784328,Horsham,125,83.069,2.0,VIC,948,3
215011389,1270,0.8913385826771654,0.0,Horsham Surrounds,12,4251.465,0.0,VIC,1012,6
215011390,2253,0.8193519751442521,0.0013315579227696,Nhill Region,19,11042.677,0.0,VIC,934,3
215011391,1159,0.8369283865401208,0.0034512510785159,St Arnaud,13,3008.576,0.0,VIC,920,2
215011392,2872,0.8802228412256268,0.008008356545961,Stawell,79,2743.43,0.0,VIC,921,2
215011393,863,0.8227114716106605,0.0,West Wimmera,4,5686.382,0.0,VIC,967,4
215011394,2007,0.841056302939711,0.001993024414549,Yarriambiack,48,7139.588,0.0,VIC,922,2
215021395,3077,0.932076698082548,0.0081247968800779,Irymple,21,88.573,0.0,VIC,987,5
215021396,1710,0.9280701754385964,0.0076023391812865,Merbein,37,101.714,0.0,VIC,922,2
215021398,1303,0.8511128165771297,0.0107444359171143,Mildura Surrounds,20,21568.915,0.0,VIC,947,3
215021399,2187,0.9373571101966164,0.0128029263831732,Red Cliffs,20,246.723,0.0,VIC,902,2
215021469,6197,0.9101177989349686,0.0079070517992577,Mildura - North,138,25.117,5.0,VIC,888,1
215021470,6029,0.9441034997512026,0.0061370044783546,Mildura - South,122,50.997,2.0,VIC,932,3
215031400,2006,0.8000997008973081,0.0044865403788634,Buloke,21,8068.685,0.0,VIC,946,3
215031401,2240,0.8642857142857143,0.0049107142857142,Gannawarra,13,3568.323,0.0,VIC,934,3
215031402,1205,0.8796680497925311,0.0024896265560165,Kerang,4,146.608,0.0,VIC,895,2
215031403,1330,0.8548872180451128,0.0466165413533834,Robinvale,5,181.596,0.0,VIC,867,1
215031404,4451,0.9045158391372724,0.004493372275893,Swan Hill,49,126.59,0.0,VIC,940,3
215031405,2489,0.8818802732020892,0.0200883889112093,Swan Hill Surrounds,28,5759.581,0.0,VIC,940,3
216011406,5676,0.9154334038054968,0.0036997885835095,Echuca,66,183.953,0.0,VIC,937,3
216011407,3860,0.8927461139896373,0.0015544041450777,Kyabram,8,738.862,0.0,VIC,926,3
216011408,1405,0.8804270462633452,0.0021352313167259,Lockington - Gunbower,8,1646.438,0.0,VIC,960,4
216011409,1308,0.8975535168195719,0.0022935779816513,Rochester,24,351.644,0.0,VIC,918,2
216011410,1226,0.8646003262642741,0.0,Rushworth,19,1633.887,0.0,VIC,916,2
216021411,2128,0.9088345864661654,0.0023496240601503,Cobram,14,131.723,0.0,VIC,889,1
216021412,961,0.8761706555671176,0.0,Moira,7,1498.829,0.0,VIC,956,4
216021413,4265,0.8860492379835874,0.0023446658851113,Numurkah,17,2320.673,0.0,VIC,934,3
216021414,2693,0.9134793910137392,0.0011139992573338,Yarrawonga,2,94.697,0.0,VIC,934,3
216031415,2738,0.9463111760409058,0.0043827611395178,Mooroopna,72,39.973,2.0,VIC,873,1
216031416,7557,0.9149133253936748,0.0100569008865952,Shepparton - North,162,65.658,2.0,VIC,949,3
216031418,1525,0.8963934426229508,0.0052459016393442,Shepparton Surrounds - East,6,1055.578,0.0,VIC,999,6
216031419,3512,0.890375854214123,0.0011389521640091,Shepparton Surrounds - West,13,1028.678,0.0,VIC,950,3
216031593,3577,0.9577858540676544,0.0030752026838132,Kialla,26,77.443,0.0,VIC,1015,6
216031594,5206,0.9241260084517864,0.0072992700729927,Shepparton - South East,120,65.831,2.0,VIC,864,1
217011420,2970,0.8818181818181818,0.0013468013468013,Glenelg (Vic.),18,6121.425,0.0,VIC,942,3
217011421,3798,0.9044233807266984,0.0039494470774091,Hamilton (Vic.),73,198.337,0.0,VIC,944,3
217011422,3848,0.9287941787941788,0.0007796257796257,Portland,61,63.985,1.0,VIC,902,2
217011423,2004,0.8293413173652695,0.0024950099800399,Southern Grampians,19,6562.644,0.0,VIC,991,5
217031471,1187,0.8820556023588879,0.004212299915754,Camperdown,7,98.118,0.0,VIC,928,3
217031472,4849,0.9069911321922046,0.0022685089709218,Colac,76,54.735,1.0,VIC,903,2
217031473,2028,0.8831360946745562,0.0039447731755424,Colac Surrounds,21,1934.277,0.0,VIC,988,5
217031474,1777,0.8660664040517726,0.0,Corangamite - North,9,2538.33,0.0,VIC,939,3
217031475,2567,0.794312426957538,0.0,Corangamite - South,16,1805.206,0.0,VIC,979,5
217031476,1139,0.7866549604916594,0.0087796312554872,Otway,24,1505.888,0.0,VIC,977,5
217041477,2482,0.8646253021756648,0.0040290088638195,Moyne - East,19,3275.799,0.0,VIC,986,5
217041478,3393,0.8894783377541998,0.0073681108163866,Moyne - West,50,2037.762,0.0,VIC,1005,6
217041479,8787,0.937748947308524,0.0062592466143166,Warrnambool - North,99,62.42,2.0,VIC,956,4
217041480,5036,0.8786735504368547,0.0085385226370135,Warrnambool - South,90,120.196,1.0,VIC,972,4
297979799,9,0.4444444444444444,0.0,Migratory - Offshore - Shipping (Vic.),0,0.0,,VIC,,
299999499,1148,0.7151567944250871,0.1080139372822299,No usual address (Vic.),0,0.0,,VIC,,
